sensor angle	rotator angle	time, sec
18.4954	289.30694580078125	1705556238.7827406
25.9929	244.80803222656252	1705556240.4949238
57.5725	212.99993896484378	1705556242.207768
