sensor angle	rotator angle	time, sec
19.6839	255.0371826171875	1705556233.6325963
23.1353	297.850341796875	1705556235.344573
57.5148	333.0002075195313	1705556237.0588412
