sensor angle	rotator angle	time, sec
22.7296	251.85838623046877	1705556221.5860522
56.4842	331.5301879882813	1705556225.051347
57.5152	333.0000366210938	1705556226.7699077
