sensor angle	rotator angle	time, sec
21.6376	292.60832519531255	1705556228.4903946
19.4257	251.55645751953128	1705556230.2013586
57.5727	212.99920654296878	1705556231.9127812
