sensor angle	rotator angle	time, sec
57.5756	212.99996337890627	1705556055.3106806
