sensor angle	rotator angle	time, sec
16.5201	258.3729125976563	1705556243.9291463
29.7238	304.5974365234375	1705556245.6411946
57.5144	333.0000366210938	1705556247.3548467
