sensor angle	rotator angle	time, sec
13.3674	261.66199951171876	1705556254.2222054
36.2416	311.26645507812503	1705556255.9332645
57.5144	333.0000244140625	1705556257.649169
