sensor angle	rotator angle	time, sec
15.374	285.988037109375	1705556249.0764976
32.6025	238.05250244140626	1705556250.7884696
57.5724	212.999951171875	1705556252.5027113
